{"files":{"home.php":{"frameworks":["pg.insight.events","pg.php","pg.code-validator","pg.asset.manager","pg.project.items","bs3.3.6","pg.html","pg.components"],"last_page_width":1024},"index.php":{"frameworks":["pg.insight.events","pg.php","pg.code-validator","pg.project.items","pg.asset.manager","bs3.3.6","pg.html","pg.components"],"last_page_width":768}},"breakpoints":["576px","768px","992px","1200px"],"frameworks":["pg.insight.events","pg.php","pg.code-validator","pg.asset.manager","pg.project.items","bs3.3.6","pg.html","pg.components"]}