{"files":{"home.php":{"frameworks":["MOdal","pg.insight.events","pg.php","pg.code-validator","pg.asset.manager","pg.project.items","bs3.3.6","pg.html","pg.components"],"last_page_width":1024},"index.php":{"frameworks":["pg.insight.events","pg.php","pg.code-validator","pg.project.items","pg.asset.manager","bs3.3.6","pg.html","pg.components"],"last_page_width":768},"dashboard.php":{"frameworks":["MOdal","pg.insight.events","pg.php","pg.code-validator","pg.asset.manager","pg.project.items","bs3.3.6","pg.html","pg.components"],"last_page_width":1024},"Books.php":{"frameworks":["pg.insight.events","pg.php","pg.asset.manager","pg.code-validator","pg.project.items","bs3.3.6","pg.html","pg.components"],"last_page_width":1024},"reports.php":{"frameworks":["MOdal","pg.insight.events","pg.php","pg.code-validator","pg.asset.manager","pg.project.items","bs3.3.6","pg.html","pg.components"],"last_page_width":1024},"manage.php":{"frameworks":["pg.insight.events","pg.php","pg.asset.manager","pg.code-validator","pg.project.items","bs3.3.6","pg.html","pg.components"],"last_page_width":1024},"bookupdate.php":{"frameworks":["pg.insight.events","pg.php","pg.asset.manager","pg.code-validator","pg.project.items","bs3.3.6","pg.html","pg.components"],"last_page_width":768},"profile.php":{"frameworks":["pg.insight.events","pg.php","pg.asset.manager","pg.code-validator","pg.project.items","bs3.3.6","pg.html","pg.components"],"last_page_width":1024}},"breakpoints":["576px","768px","992px","1200px"],"frameworks":["pg.insight.events","pg.php","pg.asset.manager","pg.code-validator","pg.project.items","bs3.3.6","pg.html","pg.components"]}